SMILES0,seg0_feat0,DP,density,Rg,self-diffusion,Cp,dielectric_const_dc,refractive_index
*C(=O)CC(=O)Oc1ccc(cc1)C(C)(C)c2ccc(cc2)O*,26,26,1.155381005,19.90037256,3.56e-13,2771.75911,2.915414008,1.567073237
*C(=O)c1ccc(cc1)C(=O)OCCCCCCCCO*,25,25,1.097684189,21.41232809,6.52e-13,3214.131474,2.620777791,1.505451601
*C(=O)c1ccc(cc1)C(=O)OCCCCCCCCCCO*,22,22,1.066740016,23.72376233,7.85e-13,3414.5582,2.552559828,1.508579068
*C(=O)c1ccc(cc1)C(=O)OCC(C)(C)CO*,32,32,1.137078661,19.71897535,6.49e-13,3049.035362,2.733097727,1.533406083
*C(=O)c1ccc(cc1)C(=O)OCC(CC(C1)C2C3)C1C2CC3CO*,22,22,1.125382734,23.39790394,1.18e-12,3254.841115,2.64612971,1.529625826
*C(=O)c1ccc(cc1)C(=O)OC(C)C(C)O*,35,35,1.149662716,20.9170241,3.68e-13,2857.35474,2.695457136,1.53724537
*C(=O)c1ccc(cc1)C(=O)OC(CC1)CCC1O*,31,31,1.141355176,18.83642503,3.24e-13,2929.590717,2.651009294,1.526009925
*C(=O)c1ccc(cc1)C(=O)OCCOCCO*,34,34,1.249936263,23.27878484,6.17e-13,3024.489311,2.94385696,1.55518403
*C(=O)c1ccc(cc1)C(=O)OCCOCCOCCO*,28,28,1.231046724,20.14401442,7.98e-13,3166.371203,3.265564179,1.545887585
*C(=O)c1ccc(cc1)C(=O)Oc1c(C)cc(cc1)S(=O)(=O)c2ccc(c(C)c2)O*,22,22,1.218666122,25.47457913,1.42e-12,2634.417587,3.017540801,1.595107806
*C(=O)c1ccc(cc1)C(=O)Oc1ccc(cc1)C(C)(c2ccccc2)c3ccc(cc3)O*,19,19,1.146499668,25.43406433,2.01e-13,2744.163269,2.939578221,1.624217525
*C(=O)c1ccc(cc1)C(=O)Oc1ccc(cc1)C2(c3ccccc3c4c2cccc4)c5ccc(cc5)O*,17,17,1.164030932,24.12314623,2.68e-13,2775.912112,3.061178725,1.653801577
*C(=O)c1ccc(cc1)C(=O)Oc1ccc(cc1)C2(CCCCC2)c3ccc(cc3)O*,19,19,1.134972711,24.89731032,6.18e-13,2927.167118,2.884382733,1.600936777
*C(=O)c1ccc(cc1)C(=O)Oc1ccc(cccc2)c2c1c3c(cccc4)c4ccc3O*,21,21,1.188908702,17.94066566,5.36e-13,2597.619354,2.981125138,1.64130807
*C(=O)COC(=O)Oc1ccc(cc1)C(C)(C)c2ccc(cc2)C(C)(C)c3ccc(cc3)O*,17,17,1.120347825,22.95246236,3.22e-13,2995.925867,2.752188453,1.564491833
*C(=O)c(cccc1)c1C(=O)OC(C1CO1)C(C2CO2)O*,31,31,1.261181518,18.550246,7.43e-13,2684.802134,4.000064126,1.52266055
*C(=O)c(cccc1)c1C(=O)OC/C=C/CO*,38,38,1.225356413,21.05192533,6.94e-13,2989.841869,3.260534839,1.577997263
*C(=O)c(cccc1)c1C(=O)Oc1c(ccc2)c(ccc1)c2O*,31,31,1.249516123,21.07326598,5.12e-13,2604.986678,3.15283418,1.649143196
*C(=O)COC(=O)Oc1ccc(cc1)Sc2ccc(cc2)O*,32,32,1.313630972,19.79047952,3.01e-13,2388.209446,3.148169592,1.625360208
*C(=O)COC(=O)OCCSCCO*,43,43,1.308110851,21.20667638,4.99e-13,2625.077496,3.046452305,1.485381025
*C(=O)C(=O)Oc1ccc(cc1)C(C)(c2ccccc2)c3ccc(cc3)O*,24,24,1.173963823,21.88827915,3.47e-13,2700.671659,2.86969901,1.596520194
*C(=O)COC(=O)Oc1cc2c(cc1)ccc(c2)O*,38,38,1.312091781,23.72590237,6.63e-13,2738.917255,3.249122422,1.619405531
*C(=O)C(=O)OC(CC1)CCC1C(C)(C)C(CC2)CCC2O*,21,21,1.027156186,18.48109562,2.02e-13,3458.387232,2.426404659,1.444548128
*C(=O)C(=O)OC(CS1)SCC1O*,55,55,1.399223309,21.41494094,3.84e-13,2173.157424,2.947125437,1.511004324
*C(=O)C(=O)OCC(CC(C1)C2C3)C1C2CC3CO*,28,28,1.151690341,20.33528469,6.16e-13,3392.252409,2.651338146,1.479672244
*C(=O)CC(=O)Oc1ccc(cc1)Cc2ccc(cc2)O*,31,31,1.206904296,21.13276954,9.1e-13,2893.701975,3.056594718,1.589418927
*C(=O)C(=O)Oc1cc2c(cc1)ccc(c2)O*,45,45,1.32791677,24.87194186,1.61e-13,2403.070106,3.327496479,1.655852917
*C(=O)CCC(=O)Oc1ccc(cc1)C(C)(c2ccccc2)c3ccc(cc3)O*,21,21,1.147148762,19.6866111,2.62e-13,2856.004211,3.078072048,1.586896855
*C(=O)CCC(=O)Oc1ccc(cc1)Sc2ccc(cc2)O*,30,30,1.263518841,19.48004212,4.92e-13,2570.995332,3.445507452,1.628838902
*C(=O)CCCCCCCCC(=O)Oc1cccc(c1)O*,25,25,1.102811397,25.38025653,1.23e-12,3765.001377,3.442560461,1.521963759
*C(=O)CCC(=O)Oc1c(C)cc(cc1)S(=O)(=O)c2ccc(c(C)c2)O*,24,24,1.221410681,22.08894835,4.33e-13,2542.326498,3.155681619,1.551497783
*C(=O)CCC(=O)OCC#CCO*,50,50,1.21378686,20.11259396,3.96e-13,2629.933015,3.023637891,1.503761006
*C(=O)CCC(=O)Oc1cc2c(cc1)ccc(c2)O*,35,35,1.264129591,21.36209791,4.22e-13,2684.660671,3.545338241,1.635337595
*C(=O)CCC(=O)OCCSSCCO*,38,38,1.287998997,21.57061996,5.98e-13,2594.471842,3.393979224,1.51640518
*C(=O)c(ccc1)cc1C(=O)Oc1ccc(cc1)C(C)(C)c2ccc(cc2)O*,22,22,1.166152111,21.99383703,2.61e-13,2818.030723,2.925478721,1.615569922
*C(=O)c(ccc1)cc1C(=O)Oc1ccc(cc1)C(C)(C)c2ccc(cc2)C(C)(C)c3ccc(cc3)O*,16,16,1.100818967,22.15684043,5.84e-13,3177.669191,2.781679933,1.592253103
*C(=O)c(ccc1)cc1C(=O)Oc1ccc(cc1)C(C)(c2ccccc2)c3ccc(cc3)O*,19,19,1.146651746,21.1566706,8.83e-13,2907.659705,2.930686973,1.61805881
*C(=O)c(ccc1)cc1C(=O)Oc1ccc(cc1)S(=O)(=O)c2ccc(cc2)O*,25,25,1.300649625,25.99709885,3.83e-13,2449.988465,3.221585841,1.62744985
*C(=O)c(ccc1)cc1C(=O)Oc1c(C)cc(cc1(C))C(C)(C)c2cc(C)c(c(C)c2)O*,17,17,1.023659693,22.43151325,3.38e-13,2870.321763,2.588829151,1.532712827
*C(=O)c(ccc1)cc1C(=O)Oc1c(C)cc(cc1)S(=O)(=O)c2ccc(c(C)c2)O*,22,22,1.219720836,23.71725027,5.49e-13,2731.605165,2.981634386,1.589599252
*C(=O)c(ccc1)cc1C(=O)Oc1ccc(cccc2)c2c1c3c(cccc4)c4ccc3O*,21,21,1.178811571,16.39645108,2.5e-13,2722.935894,2.930766257,1.619753948
*C(=O)c(ccc1)cc1C(=O)OC(C1CO1)C(C2CO2)O*,31,31,1.248599163,18.51593264,1.47e-13,2618.453882,3.50603505,1.524496846
*C(=O)c(ccc1)cc1C(=O)OC/C=C/CO*,38,38,1.215255697,21.78683833,4.46e-13,2786.412836,2.944791293,1.578394626
*C(=O)c(ccc1)cc1C(=O)Oc1cccc(c1)O*,38,38,1.264283818,22.33183576,9.62e-13,2677.8382,3.249739583,1.628118774
*C(=O)c(ccc1)cc1C(=O)Oc1c(ccc2)c(ccc1)c2O*,31,31,1.241701473,24.49774417,7.45e-14,2476.66353,3.150541533,1.650880283
*C(=O)CCCCC(=O)Oc1cc2c(cc1)ccc(c2)O*,29,29,1.202630259,22.10204541,7.74e-13,3006.619941,3.601209811,1.598415514
*C(=O)CCCCC(=O)OCC(COC(CCCC1)C1OC)O*,21,21,1.096025227,17.18036736,5.25e-13,3398.157063,2.554873198,1.452464357
*C(=O)CCCCC(=O)Oc1ccc(cc1)S(=O)(=O)c2ccc(cc2)O*,24,24,1.266121751,22.3872833,2.38e-13,2593.58032,3.3018916,1.577755869
*C(=O)CCCCCCCCC(=O)OC(C)(C)C#CC(C)(C)O*,20,20,0.977221843,21.09369501,1.06e-12,3787.718851,2.404850218,1.450003762
*C(=O)CCCCC(=O)OCCSCCO*,32,32,1.17225702,21.32027091,1.72e-12,3396.83013,3.098507371,1.487216299
*C(=O)CCCCC(=O)OC/C=C/CO*,35,35,1.125142145,23.31694755,1.3e-12,3265.554975,3.149261026,1.471527019
*C(=O)CCCCC(=O)Oc1cccc(c1)O*,35,35,1.202827457,22.16951981,8.55e-13,3261.221351,3.525825213,1.530900417
*C(=O)CC(=O)Oc1ccc(cc1)S(=O)(=O)c2ccc(cc2)O*,31,31,1.327520414,20.94667486,4.69e-13,2439.960729,3.190528569,1.586550495
*C(=O)CCCCC(=O)Oc1c(C)cc(cc1)S(=O)(=O)c2ccc(c(C)c2)O*,21,21,1.200219045,20.75408931,4.58e-13,2983.025765,2.963594945,1.543732846
*C(=O)CCCCC(=O)Oc1ccc(cc1)C(C)(C)c2ccc(cc2)O*,21,21,1.114538069,22.07734065,1.3e-12,3257.543613,3.260032431,1.550014409
*C(=O)CCCCC(=O)Oc1ccc(cc1)C(C)(C)c2ccc(cc2)C(C)(C)c3ccc(cc3)O*,15,15,1.073772956,21.91847196,1.11e-12,3399.309467,3.090779024,1.551638556
*C(=O)CCCCC(=O)OCC#CCO*,38,38,1.146572633,23.08709038,6.54e-13,3045.68053,2.831172831,1.483165821
*C(=O)CCCCC(=O)Oc1ccc(cc1)Sc2ccc(cc2)O*,25,25,1.213623845,23.05499177,7.95e-13,2696.869583,3.474324068,1.603501604
*C(=O)CCCCCCCCC(=O)OC(C1CO1)C(C2CO2)O*,22,22,1.102549805,20.07674026,5.59e-13,3233.967433,3.229320195,1.444468333
*C(=O)CCCCCCCCC(=O)OCC(COC(CCCC1)C1OC)O*,17,17,1.045779144,18.15481852,1.39e-12,3749.903054,2.615509575,1.450132721
*C(=O)c1ccc(cc1)C(=O)OC(C)COC(C)COC(C)CO*,22,22,1.12594341,19.56057582,2.06e-13,3112.327027,2.620546044,1.498001394
*C(=O)c1ccc(cc1)C(=O)OCC#CCO*,41,41,1.22026209,24.03537791,1.59e-13,2615.501722,2.945314611,1.588306177
*C(=O)c1ccc(cc1)C(=O)Oc1ccc(cc1)C(C)(C)c2ccc(cc2)O*,22,22,1.153460539,27.54809023,6.42e-13,2764.907248,2.914325157,1.616020351
*C(=O)c1ccc(cc1)C(=O)Oc1ccc(cc1)S(=O)(=O)c2ccc(cc2)O*,25,25,1.302044056,24.36878528,3.79e-13,2431.403611,3.106858508,1.638271394
*C(=O)c1ccc(cc1)C(=O)Oc1ccc(cc1)Sc2ccc(cc2)O*,27,27,1.256682794,27.27679334,3.14e-13,2456.919885,3.140605753,1.679311191
*C(=O)c1ccc(cc1)C(=O)OCCSCCO*,34,34,1.257357115,21.88636744,4.21e-13,2630.332468,3.030624403,1.575279382
*C(=O)c1ccc(cc1)C(=O)OC(CS1)SCC1O*,35,35,1.295398334,20.16999067,6.99e-13,2769.027955,2.832999149,1.591272435
*C(=O)CCCCCCCCC(=O)Oc1c(C)cc(cc1)S(=O)(=O)c2ccc(c(C)c2)O*,17,17,1.134821509,22.44348568,5.87e-13,3303.291907,2.889910871,1.529157759
*C(=O)CCCCCCCC(=O)Oc1cccc(c1)O*,27,27,1.118449403,21.19859807,1.05e-12,3680.149409,3.255392344,1.516304306
*C(=O)CCCCCCCC(=O)Oc1cc2c(cc1)ccc(c2)O*,23,23,1.14121606,21.52579767,7.04e-13,3083.715779,3.138515906,1.585667932
*C(=O)CCCCCCCC(=O)OCC(COC(CCCC1)C1OC)O*,17,17,1.054687717,15.86482644,7.73e-13,3481.798345,2.53804746,1.447958544
*C(=O)CCCCCCCC(=O)Oc1ccc(cc1)S(=O)(=O)c2ccc(cc2)O*,20,20,1.208493349,23.43597794,4.31e-13,2786.886436,3.269965923,1.556016527
*C(=O)CCCCCCCC(=O)Oc1ccc(cc1)C(C)(c2ccccc2)c3ccc(cc3)O*,16,16,1.092293887,21.1590387,5.33e-13,3105.819157,3.051426774,1.553961704
*C(=O)CC(=O)OC(CS1)SCC1O*,47,47,1.376272588,22.00900842,2.84e-13,2402.114808,2.822030358,1.524908487
*C(=O)CCCCCCC(=O)Oc1cccc(c1)O*,29,29,1.146410516,23.32330019,6.03e-13,3185.478101,3.316187367,1.522875338
*C(=O)C(C)(C)C(=O)Oc1ccc(cc1)C(C)(C)c2ccc(cc2)O*,23,23,1.084492733,18.37352363,4.4e-13,3009.807579,2.593391442,1.53136993
*C(=O)C(C)(C)C(=O)Oc(cccc1)c1c2c(cccc2)O*,28,28,1.125766714,16.94448522,7.61e-13,2963.041179,2.591426938,1.521239502
*C(=O)c1ccc(cc1)C(=O)Oc(cccc1)c1c2c(cccc2)O*,28,28,1.198506442,19.19541006,1.49e-13,2696.639086,2.879682123,1.608257403
*C(=O)c1ccc(cc1)C(=O)OCCCO*,40,40,1.221347081,22.86211072,6.13e-13,3036.362242,2.843871146,1.55903692
*C(=O)c1ccc(cc1)C(=O)OCCCCCO*,32,32,1.159591689,22.23526243,5.48e-13,2964.402583,2.728900748,1.542288107
*C(=O)OC/C=C/CO*,71,71,1.221005169,23.47954773,5.57e-13,2859.109527,2.590487413,1.494777065
*C(=O)OCCCO*,76,76,1.242044983,19.21058412,4.66e-13,2875.367862,2.405351755,1.454247611
*C(=O)OCCCCCO*,52,52,1.122924616,19.32339616,1.01e-12,3230.682313,2.380192714,1.45441121
*C(=O)OCC(CC(C1)C2C3)C1C2CC3CO*,29,29,1.094224643,19.54527752,7.43e-13,3806.050851,2.328628317,1.472176079
*C(=O)OCCOCCO*,58,58,1.279076383,21.54137186,6.31e-13,3032.111203,2.920161948,1.462134955
*C(=O)Oc1ccc(cc1)Cc2ccc(cc2)O*,37,37,1.211459149,23.9932344,3.97e-13,2662.694258,2.928837204,1.609666958
*C(=O)Oc1ccc(cc1)S(=O)(=O)c2ccc(cc2)O*,37,37,1.338783108,24.69577335,8.61e-14,2241.610327,3.029920727,1.592566038
*C(=O)Oc1ccc(cc1)C2(c3ccccc3c4c2cccc4)c5ccc(cc5)O*,22,22,1.125646112,21.17347417,2.22e-13,2674.879683,2.916443848,1.608081627
*C(=O)OCC(CC)(CCCC)CO*,32,32,0.983654179,18.06631596,5.21e-13,3684.671489,2.202489572,1.433105715
*C(=O)OC(C=C)C(C=C)O*,55,55,1.129021759,18.51939355,3.63e-13,2923.290129,2.445650859,1.490796932
*C(=O)Oc1ccc(cc1)C2(CCCCC2)c3ccc(cc3)O*,25,25,1.110945217,20.30715243,6.65e-14,2930.470409,2.674178885,1.554080538
*C(=O)Oc1ccc(cc1)Sc2ccc(cc2)O*,40,40,1.282346238,22.80035195,3.97e-13,2381.814271,3.145390812,1.65022483
*C(=O)OCC(COC(CCCC1)C1OC)O*,29,29,1.130840535,17.31580171,4.27e-13,3171.852982,2.411328288,1.452262156
*C(=O)COC(=O)OCCO*,62,62,1.350242242,22.02265977,5.29e-13,2651.754789,2.789868486,1.451346766
*C(=O)COC(=O)OCCCCCCO*,35,35,1.156897132,21.13986906,6.33e-13,3112.674865,2.559892101,1.452473533
*C(=O)COC(=O)OCCC(C)CCO*,35,35,1.163005302,23.73932234,4.75e-13,3102.8461,2.696566344,1.445573201
*C(=O)CSCC(=O)OCCC(C)CCO*,32,32,1.162696006,23.68303524,1.01e-12,3154.158275,3.922881672,1.474095089
*C(=O)CSCC(=O)OCCO*,52,52,1.340478121,23.64646392,6.97e-13,2663.735272,3.709476489,1.499980804
*C(=O)CSCC(=O)OCCCCO*,40,40,1.235245197,20.42674474,1.34e-12,2786.645321,3.662225578,1.485294538
*C(=O)CCCCC(=O)OCC(CC)(CC)CO*,25,25,1.027941329,17.52029072,5.39e-13,3482.63134,2.466822205,1.441726653
*C(=O)CCCCC(=O)OC(CC1)CCC1C(C)(C)C(CC2)CCC2O*,17,17,1.01326907,21.13402541,2.62e-13,3600.633647,2.532283643,1.462178181
*C(=O)CCCCC(=O)OC(C)C(C)O*,33,33,1.077075647,19.06804443,1.11e-12,3310.649121,2.655744025,1.437567014
*C(=O)CCC(=O)Oc1cccc(c1)O*,45,45,1.264759014,20.10686542,2.29e-13,2653.41205,3.493477543,1.551345732
*C(=O)CCCCC(=O)OC(CC1)CCC1O*,29,29,1.088701996,20.216751,3.91e-13,3399.785785,2.780088719,1.450282337
*C(=O)CCCCC(=O)Oc1cccc(c1)O*,35,35,1.199134673,22.07036266,7.82e-13,3185.419362,3.369634224,1.531139263
*C(=O)CCC(=O)OC(C)C(C)O*,41,41,1.114851939,20.38308857,1.05e-12,3154.039249,2.618543223,1.433757825
*C(=O)CCC(=O)OCC(C)CO*,41,41,1.145670961,18.85849556,9.96e-13,3268.011639,3.348856449,1.448752484
*C(=O)CCC(=O)OCC(CC)(CCCC)CO*,25,25,1.018073219,17.91704567,3.3e-13,3574.289,2.531994986,1.438966074
*C(=O)CCC(=O)OCC(C)(C)C(C(C)C)O*,28,28,1.036136264,18.02054847,4.6e-13,3408.362971,2.588360806,1.443907665
*C(=O)CCC(=O)OCC(C)(C)CO*,37,37,1.106094175,18.8591804,1.13e-12,3412.496643,3.085880635,1.44053977
*C(=O)CCC(=O)OCC(CC(C1)C2C3)C1C2CC3CO*,24,24,1.108165958,21.9009526,7.6e-13,3476.184252,2.723853162,1.469281268
*C(=O)CCC(=O)Oc1ccc(cc1)C(C)(C)c2ccc(cc2)O*,24,24,1.146987329,22.09089508,3.54e-13,2880.195247,3.0585474,1.566741005
*C(=O)CN(C)CC(=O)OCC(CC1)CCC1CO*,25,25,1.120575085,21.15069277,6.27e-13,3304.673766,2.765658633,1.477793045
*C(=O)CSCC(=O)OC(C)C(C)O*,40,40,1.208000097,19.10291946,7.32e-13,2803.352464,3.18827064,1.47911768
*C(=O)CSCC(=O)Oc1ccc(cc1)C(C)(C)c2ccc(cc2)O*,24,24,1.194389362,22.63645969,4.03e-13,2800.058579,3.255781507,1.576532743
*C(=O)CN(C)CC(=O)Oc1cccc(c1)O*,37,37,1.261984536,19.46574434,7.3e-13,3671.406746,3.339588335,1.554674267
*C(=O)CSCC(=O)Oc1cccc(c1)O*,43,43,1.337757036,22.32390845,8.5e-13,2752.757714,4.436505522,1.575985566
*C(=O)COC(=O)OCC(CC)(CC)CO*,32,32,1.103870663,19.33057256,8.35e-13,3968.118183,2.53403022,1.433105486
*C(=O)COC(=O)Oc1ccc(cc1)C(C)(C)c2ccc(cc2)O*,25,25,1.17959423,23.05747302,2.56e-13,2739.841444,2.849800425,1.55391558
*C(=O)COC(=O)OCC(CC)(CCCC)CO*,27,27,1.061168267,18.90027608,3.69e-13,3292.703965,2.414034682,1.437460492
*C(=O)COC(=O)OCC(C)(C)CO*,40,40,1.170472797,21.20383977,6.67e-13,2929.320029,2.56384069,1.445108902
*C(=O)COC(=O)OC(CC1)CCC1C(C)(C)C(CC2)CCC2O*,19,19,1.034386619,21.99951026,1.56e-13,3371.349692,2.320370609,1.441996107
*C(=O)COC(=O)OCC(CC(C1)C2C3)C1C2CC3CO*,25,25,1.158255407,21.2040875,4.16e-13,3123.277246,2.606807949,1.475951749
*C(=O)COC(=O)OC(C1CO1)C(C2CO2)O*,38,38,1.328513646,19.1123648,3.16e-13,2557.883972,3.889361623,1.454331632
*C(=O)c1ccc(cc1)C(=O)OCCO*,45,45,1.259708313,22.38368388,3.14e-13,2705.436223,2.937583213,1.573045317
*C(=O)c1ccc(cc1)C(=O)OCCCCO*,35,35,1.195735906,22.05786354,3.33e-13,2862.798823,2.81763432,1.553564967
*C(=O)c1ccc(cc1)C(=O)OC/C=C/CO*,38,38,1.217345929,23.73936764,1.8e-13,2758.63598,3.145849618,1.590020195
*C(=O)c1ccc(cc1)C(=O)OCC(C)CO*,35,35,1.182128216,21.52742045,4.11e-13,2920.556746,2.744564922,1.551637191
*C(=O)c1ccc(cc1)C(=O)OCC(CC)(CCCC)CO*,23,23,1.044995786,18.68669615,8.3e-13,3552.636178,2.590725386,1.497620409
*C(=O)c1ccc(cc1)C(=O)OCC(CC1)CCC1CO*,26,26,1.132924493,23.08964257,4.76e-13,3184.195989,2.634357243,1.533673573
*C(=O)c1ccc(cc1)C(=O)OC(CC1)CCC1C(C)(C)C(CC2)CCC2O*,17,17,1.036123336,19.97941434,6.94e-14,3245.704876,2.471559514,1.506107614
*C(=O)c1ccc(cc1)C(=O)Oc1ccc(cc1)C(C)(C)c2ccc(cc2)O*,22,22,1.148734695,24.57964553,3.55e-13,2953.173138,2.92296245,1.611243359
*C(=O)C(CC1)CCC1C(=O)OCC(C)(C)CO*,27,27,1.063401002,22.97253798,4.51e-13,3414.008053,2.518475832,1.456945742
*C(=O)C(CC1)CCC1C(=O)OCCCCO*,29,29,1.095473118,22.20858293,9.68e-13,3421.969065,2.76339217,1.460200473
*C(=O)C(CC1)CCC1C(=O)OCCCCCCCCCCO*,19,19,1.011399709,22.91697107,1.1e-12,3762.559259,2.655469562,1.465764641
*C(=O)C(CC1)CCC1C(=O)OCC(CC)(CCCC)CO*,20,20,0.997189538,19.63247759,1.03e-12,3799.730766,2.448089992,1.440843721
*C(=O)C(CC1)CCC1C(=O)OC(CC1)CCC1O*,26,26,1.076923203,20.87379524,3.43e-13,3443.419847,2.421679903,1.450857581
*C(=O)C(CC1)CCC1C(=O)OC(CC1)CCC1C(C)(C)C(CC2)CCC2O*,16,16,0.988478334,20.51690874,2.53e-13,3553.228858,2.406820676,1.450056457
*C(=O)C(CC1)CCC1C(=O)OCC(CC(C1)C2C3)C1C2CC3CO*,19,19,1.078028017,20.56558798,4.39e-13,3441.438995,2.713571964,1.473868847
*C(=O)CCC(=O)OC(C)CCC(C)O*,33,33,1.079462573,20.62073535,6.91e-13,3313.986237,2.749965981,1.447406178
*C(=O)CCC(=O)OCCC(C)CCO*,33,33,1.098912934,21.1235965,9.17e-13,3362.395127,2.752172664,1.453340939
*C(=O)CCCC(=O)OCCCO*,41,41,1.155501298,20.20604321,1.62e-12,3379.133647,3.493510168,1.455704758
*C(=O)CCCC(=O)OCCCCO*,37,37,1.124113578,22.33217801,1.78e-12,3641.090129,3.58327234,1.447176753
*C(=O)CCCC(=O)OCCCCCCCCCO*,24,24,1.023686131,21.68616827,1.55e-12,3716.544038,2.86345476,1.448775564
*C(=O)CCCCC(=O)OCCCCO*,33,33,1.099128617,21.88644465,1.96e-12,3515.095341,3.257472028,1.458130591
*C(=O)CCCCC(=O)OCCC(C)CCO*,28,28,1.059491552,20.76472455,1.7e-12,3726.686133,3.339029619,1.451774362
*C(=O)c(ccc1)cc1C(=O)OCCO*,45,45,1.26275012,19.01203808,1.55e-13,2563.519618,2.938411409,1.566224771
*C(=O)c(ccc1)cc1C(=O)OCC(C)O*,40,40,1.204929872,22.20731233,1.42e-13,2684.963688,2.760406434,1.551455671
*C(=O)c(ccc1)cc1C(=O)OCCCO*,40,40,1.225608196,19.96464422,1.97e-13,2746.330196,2.915435171,1.558359852
*C(=O)c(ccc1)cc1C(=O)OCCCCCCCO*,27,27,1.113905939,23.19217795,9.32e-13,3388.801818,2.611494691,1.52487465
*C(=O)c(ccc1)cc1C(=O)OCCCCCCCCCO*,23,23,1.081496422,19.82096849,8.01e-13,3352.12404,2.64130388,1.518689246
*C(=O)c1ccc(cc1)C(=O)OCC(C)O*,40,40,1.198591428,23.30818076,3.62e-13,2722.158939,2.805649821,1.554457026
*C(=O)C(CC1)CCC1C(=O)OCC(C)(C)C(C(C)C)O*,22,22,1.008604146,19.42682886,3.66e-13,3513.395764,2.425630677,1.440523016
*C(=O)c(ccc1)cc1C(=O)OCC(C)O*,40,40,1.200722386,18.6367457,2.68e-13,2813.210777,2.838249618,1.547690674
*C(=O)c(ccc1c2)cc1ccc2C(=O)OCC(C)(C)C(C(C)C)O*,22,22,1.075114369,22.54280314,6.23e-13,3103.847817,2.634307059,1.555609323
*C(=O)c(ccc1c2)cc1ccc2C(=O)OCCCCO*,29,29,1.190765563,21.96796076,6.79e-13,3165.000179,3.019220886,1.629367536
*C(=O)C(CC1)CCC1C(=O)OCCCCCO*,27,27,1.078588415,21.06333225,4.41e-13,3353.944852,2.579811869,1.458313744
*C(=O)CN(C)CC(=O)OCCCCCO*,31,31,1.135229942,20.00664272,8.38e-13,3347.38227,2.764503791,1.464604372
*C(=O)c(ccc1c2)cc1ccc2C(=O)OCCCCCO*,27,27,1.174993827,23.67607904,3.42e-13,2935.497357,2.979096313,1.61612887
*C(=O)C(CC1)CCC1C(=O)OCCCCCCO*,25,25,1.064903309,20.93959786,7.94e-13,3434.867157,2.614941468,1.470569149
*C(=O)c(ccc1c2)cc1ccc2C(=O)OCCCCCCO*,25,25,1.146435518,24.83718468,3.87e-13,3015.142716,2.820418479,1.601272034
*C(=O)c(ccc1)cc1C(=O)OC(C)C(C)O*,35,35,1.147991386,19.70655785,8.29e-13,3001.35643,2.63709513,1.520547958
*C(=O)C(CC1)CCC1C(=O)OCCCCCCCO*,23,23,1.043900135,20.97376691,5.86e-13,3575.37608,2.620537861,1.464788489
*C(=O)c(ccc1c2)cc1ccc2C(=O)OCCCCCCCO*,23,23,1.125434751,22.13400967,9.41e-13,3404.299375,2.845997028,1.593784859
*C(=O)CN(C)CC(=O)OCCCCCCCCO*,24,24,1.067740925,19.76057273,1.7e-12,4014.582756,3.043241871,1.466740199
*C(=O)c(ccc1c2)cc1ccc2C(=O)OCCCCCCCCO*,22,22,1.117357192,21.75781565,5.3e-13,3068.063251,2.760528829,1.592529782
*C(=O)CCCC(=O)OCC(CC1)CCC1CO*,27,27,1.094634365,20.56728526,7.25e-13,3398.647675,3.088377904,1.469992909
*C(=O)CSCC(=O)OCCCCCCCCCO*,25,25,1.092616371,20.92773058,1.66e-12,3456.754568,3.304595596,1.474726717
*C(=O)C(CC1)CCC1C(=O)OCCCCCCCCCO*,20,20,1.030454619,22.12625853,6.86e-13,3786.976985,2.490044562,1.464016162
*C(=O)c(ccc1c2)cc1ccc2C(=O)OCCCCCCCCCO*,20,20,1.102574617,26.6111337,7.76e-13,3150.093422,2.794199342,1.592149443
*C(=O)CCCCCC(=O)OC(CC1)CCC1C(C)(C)C(CC2)CCC2O*,16,16,0.998005158,19.19916613,4.39e-13,3703.40245,2.462022148,1.457072352
*C(=O)C(CC1)CCC1C(=O)OCCOCCO*,28,28,1.149959602,23.11199151,4.71e-13,3063.178136,2.64564428,1.470223643
*C(=O)c(ccc1c2)cc1ccc2C(=O)OCCOCCO*,28,28,1.239597264,25.27004325,6.36e-13,3356.771187,3.06697636,1.626022649
*C(=O)c(ccc1)cc1C(=O)OCCOCCO*,34,34,1.247874401,19.88592187,4.51e-13,2800.600302,3.03984401,1.549064337
*C(=O)CCCCCCCC(=O)OCC(C)CO*,25,25,1.038636614,19.35704126,8.18e-13,3750.779877,2.777195692,1.454769465
*C(=O)CCCCCCCC(=O)OCCOCCOCCO*,21,21,1.092988869,20.37434783,2.31e-12,4042.49222,4.164648871,1.461364238
*C(=O)C(CC1)CCC1C(=O)OCCOCCOCCO*,24,24,1.150256241,20.71374439,1.17e-12,4027.701175,2.884624973,1.464198273
*C(=O)c(ccc1c2)cc1ccc2C(=O)OCCOCCOCCO*,24,24,1.233180674,23.49222892,1.04e-12,3469.710097,3.266875697,1.599715609
*C(=O)CSCC(=O)OCCOCCOCCO*,30,30,1.266882844,22.86409333,1.3e-12,2960.388873,4.38058396,1.486645456
*C(=O)C(CC1)CCC1C(=O)OCC(C)CO*,29,29,1.085499827,21.66810941,6.67e-13,3210.36471,2.600844912,1.457514195
*C(=O)C(CC1)CCC1C(=O)OCC(C)OCC(C)O*,24,24,1.087855336,19.09285753,5.29e-13,3257.169952,2.48573036,1.450120255
*C(=O)c(ccc1c2)cc1ccc2C(=O)OCC(C)OCC(C)O*,24,24,1.16532693,20.42562475,1.34e-13,2855.619891,2.770710309,1.58372986
*C(=O)CSCC(=O)OCC(C)OCC(C)O*,31,31,1.194521426,20.28300714,1.3e-12,3238.772141,3.043766485,1.467102201
*C(=O)c(ccc1)cc1C(=O)OCC(CC)(CC)CO*,27,27,1.097507894,18.69993341,3.38e-13,3157.295626,2.570672742,1.514396869
*C(=O)C(CC1)CCC1C(=O)OCCSCCO*,28,28,1.168268359,20.51200146,3.19e-13,3018.116035,2.928243315,1.488660964
*C(=O)CCCC(=O)OCCSCCO*,35,35,1.199087148,21.33475813,1.29e-12,3007.034282,3.647151251,1.476439744
*C(=O)CSCC(=O)OCCSCCO*,38,38,1.303884758,22.7914383,6.93e-13,2478.195921,4.196404499,1.524733096
*C(=O)CCC(=O)OCCSCCO*,40,40,1.233532914,21.91864335,1.04e-12,2850.047683,3.497576226,1.495857982
*C(=O)CCCCCCCC(=O)OCC(COC(CCCC1)C1OC)O*,17,17,1.049223784,18.2045508,1.62e-12,3641.665048,2.485707992,1.447519937
*C(=O)C(CC1)CCC1C(=O)OCC(COC(CCCC1)C1OC)O*,19,19,1.082447051,17.94751364,1.34e-12,3632.108283,2.483339983,1.447574385
*C(=O)COCCOCC(=O)OCC(COC(CCCC1)C1OC)O*,20,20,1.161210428,19.58348158,1.24e-12,4068.698348,2.982139348,1.460585108
*C(=O)COC(=O)OCC(COC(CCCC1)C1OC)O*,25,25,1.165381833,17.28944683,7.56e-13,3598.062146,2.498354079,1.4512361
*C(=O)C(CC1)CCC1C(=O)OC(CS1)SCC1O*,29,29,1.201552793,22.18485947,3.92e-13,2587.252486,2.463037516,1.481243441
*C(=O)COCCOCC(=O)OC(CS1)SCC1O*,31,31,1.336207012,23.17211185,1.28e-13,2511.475359,3.049294371,1.514155495
*C(=O)c(ccc1)cc1C(=O)OC(CS1)SCC1O*,35,35,1.29242605,23.90847181,7.2e-14,2229.230129,2.851528538,1.584222505
*C(=O)c1nc2ccccc2c(c1)C(=O)OC(C)COC(C)COC(C)CO*,20,20,1.159918843,18.15448315,5.46e-13,3148.688984,2.64368968,1.527102424
*C(=O)c1nc2ccccc2c(c1)C(=O)OC(CC1)CCC1C(C)(C)C(CC2)CCC2O*,16,16,1.039944623,19.14532115,1.09e-13,3297.465599,2.456724579,1.509511633
*C(=O)c1nc2ccccc2c(c1)C(=O)OC(CC1)CCC1O*,27,27,1.16503727,22.20941555,4.29e-13,2936.523551,2.760928973,1.562931032
*C(=O)c1nc2ccccc2c(c1)C(=O)OCC(C)(C)C(C(C)C)O*,22,22,1.099561719,16.95937721,6.13e-13,3116.189611,2.719710962,1.542636068
*C(=O)c1nc2ccccc2c(c1)C(=O)OCC(C)(C)CO*,28,28,1.154010308,19.47323462,8.28e-13,3032.557453,2.829534312,1.56627192
*C(=O)c1nc2ccccc2c(c1)C(=O)OCC(C)O*,33,33,1.222051907,18.4496141,6.19e-14,2746.482869,2.873970333,1.597653156
*C(=O)c1nc2ccccc2c(c1)C(=O)OCC(CC(C1)C2C3)C1C2CC3CO*,19,19,1.143169205,20.33594183,4.82e-13,3032.489573,2.743061382,1.555194056
*C(=O)c1nc2ccccc2c(c1)C(=O)OCC(CC)(CC)CO*,24,24,1.118568979,17.82627341,2.33e-13,3015.828046,2.700710953,1.548905705
*C(=O)c1nc2ccccc2c(c1)C(=O)OCC(CC)(CCCC)CO*,21,21,1.085874521,16.84634904,5.11e-13,3286.41693,2.682034326,1.537247866
*C(=O)c1nc2ccccc2c(c1)C(=O)OCCCCCCCCCCO*,19,19,1.102323327,22.23544322,1.2e-12,3395.032156,2.649592091,1.530619603
*C(=O)c1nc2ccccc2c(c1)C(=O)OCCCCCCCCO*,22,22,1.134740005,21.66413699,6.47e-13,3069.226226,2.711259693,1.552211034
*C(=O)c1nc2ccccc2c(c1)C(=O)OCCCCCO*,28,28,1.190642434,19.2040187,6.6e-13,3195.596833,2.865154594,1.587134712
*C(=O)c1nc2ccccc2c(c1)C(=O)OCCCO*,33,33,1.255830816,20.58195368,3.93e-13,2668.128603,2.99170989,1.611794779
*C(=O)c1nc2ccccc2c(c1)C(=O)OCCO*,37,37,1.276639523,18.02168345,8.27e-13,2763.543077,3.032613961,1.623579897
*C(=O)c1nc2ccccc2c(c1)C(=O)OCC(CC)(CC)CO*,24,24,1.130561638,17.22076845,4.3e-13,3122.290596,2.686892336,1.556177587
*C(=O)c1nc2ccccc2c(c1)C(=O)OCCOCCOCCO*,24,24,1.25111704,20.3764623,1.02e-12,3422.782014,3.172225696,1.577109933
*C(=O)c1nc2ccccc2c(c1)C(=O)OCCC(C)CCO*,25,25,1.173362457,19.09182379,3.32e-13,2967.972616,2.832829178,1.586868209
*C(=O)c1oc(cc1)C(=O)OCCCCCO*,35,35,1.182390056,19.24332564,4.35e-13,2845.267655,2.495306908,1.521715865
*C(=O)c1oc(cc1)C(=O)OCCCCO*,40,40,1.213926212,21.97836233,3.91e-13,2732.261806,2.543001419,1.518176585
*C(=O)c1oc(cc1)C(=O)OCCCCCCO*,32,32,1.154382511,22.85613643,7.88e-13,3192.250037,2.584972273,1.513565196
*C(=O)c1oc(cc1)C(=O)OCCO*,52,52,1.289758911,21.72702212,9.53e-13,2956.181027,2.518203203,1.529472949
*C(=O)c1oc(cc1)C(=O)OCCCO*,45,45,1.25925167,24.29755131,3.86e-13,2608.457797,2.592638483,1.534207716
*C(=O)c1oc(cc1)C(=O)OCC(C)CO*,40,40,1.187538449,20.75205997,9.98e-13,2878.429205,2.479397148,1.506485718
*C(=O)c1oc(cc1)C(=O)OC(CC1)CCC1O*,34,34,1.131605312,41.34284155,3.11e-13,2676.581628,2.712914791,1.478918221
*C(=O)CN(C)CC(=O)OC(CC1)CCC1O*,30,30,1.14729067,22.29414443,4.94e-13,3133.966828,2.833659386,1.476698627
*C(=O)CCCCCCCCC(=O)OCC(CC)(CC)CO*,19,19,0.980003391,18.42056429,7.3e-13,3697.480413,2.550297999,1.439970101
*C(=O)C(CC1)CCC1C(=O)OCC(CC)(CC)CO*,23,23,1.025358576,20.39859106,7.22e-13,3409.047787,2.44216936,1.44099665
*C(=O)CN(C)CC(=O)OCC(CC)(CC)CO*,26,26,1.064937152,19.30384521,9.01e-13,3978.913053,2.730425166,1.45379812
*C(=O)CCCC(=O)OCC(CC(C1)C2C3)C1C2CC3CO*,22,22,1.111233237,20.71966547,2.49e-13,3349.431581,2.596275397,1.483334672
*C(=O)CCCCCC(=O)OCC(CC(C1)C2C3)C1C2CC3CO*,19,19,1.074722083,23.71329556,6.82e-13,3660.582747,2.612671271,1.470977555
*C(=O)c(ccc1)cc1C(=O)OCC(CC)(CCCC)CO*,23,23,1.056616237,18.80387281,5.05e-13,3388.631766,2.606542863,1.502253859
*C(=O)CSCC(=O)OCC(CC(C1)C2C3)C1C2CC3CO*,23,23,1.172594867,21.58152952,5.49e-13,3137.642447,2.9703083,1.498572653
*C(=O)CCCCCCCC(=O)OCC(CC(C1)C2C3)C1C2CC3CO*,17,17,1.054363403,20.63786191,7.12e-13,3683.991746,2.527801577,1.482591475
*C(=O)CCCCCCCCC(=O)OCC(CC(C1)C2C3)C1C2CC3CO*,17,17,1.042681515,19.29941074,6.8e-13,3457.413126,2.637213043,1.478192048
*C(=O)CN(C)CC(=O)OCC(CC(C1)C2C3)C1C2CC3CO*,21,21,1.124751437,18.18024678,7.38e-13,3430.155759,2.84884525,1.486314479
*C(=O)c(ccc1c2)cc1ccc2C(=O)OCC(CC(C1)C2C3)C1C2CC3CO*,19,19,1.124656655,22.05984821,4.18e-13,3150.240742,2.687830338,1.57112341
*C(=O)c(ccc1)cc1C(=O)OCC(C)(C)C(C(C)C)O*,25,25,1.065709316,17.6746258,7.69e-13,3326.826782,2.535616776,1.498283941
*C(=O)COCCOCC(=O)OC(CC1)CCC1O*,28,28,1.18299209,23.46180926,2.68e-13,3045.498105,2.949336399,1.459854506
*C(=O)COCCOCC(=O)OCC(CC)(CC)CO*,24,24,1.105964125,21.53062211,1.2e-12,4540.383357,2.831508184,1.450024264
*C(=O)COCCOCC(=O)OCC(CC(C1)C2C3)C1C2CC3CO*,20,20,1.154110435,19.73656041,7.64e-13,3402.855754,2.914409294,1.471434359
*C(=O)C(CC1)CCC1C(=O)OC(C)C(C)O*,29,29,1.069612157,17.10774055,6.53e-13,3331.663662,2.514312048,1.450279859
*C(=O)COC(=O)OC(C)C(C)O*,45,45,1.181925194,20.35266434,1.89e-13,2783.886688,2.451328074,1.428294541
*C(=O)COCCOCC(=O)OCC(CC)(CCCC)CO*,21,21,1.076334671,17.65493261,3.65e-13,3574.510039,2.757606959,1.447136637
*C(=O)c(ccc1c2)cc1ccc2C(=O)OCC(CC)(CCCC)CO*,20,20,1.068603837,20.38868449,1.03e-12,3634.345468,2.73625434,1.55744521
*C(=O)COCCOCC(=O)OCC(C)(C)CO*,28,28,1.156131954,19.420987,8.39e-13,3208.948316,3.278410748,1.45196998
*C(=O)C(CC1)CCC1C(=O)OCCCO*,32,32,1.123705788,20.22788531,4.4e-13,3343.08514,2.690506875,1.456905539
*C(=O)CCCCCCCCC(=O)OCCC(C)CCO*,21,21,1.002030382,21.10176176,2.09e-12,4793.357896,2.809073931,1.456998138
*C(=O)c(ccc1)cc1C(=O)OCC(CC1)CCC1CO*,26,26,1.120529254,22.44892232,4.14e-13,3109.970966,2.686773916,1.526728754
*C(=O)CCCCCCCC(=O)OCC(CC)(CC)CO*,21,21,0.991358587,18.96706582,1.39e-12,3505.542437,2.59778191,1.441567813
*C(=O)CSCC(=O)OCC(C)O*,45,45,1.271107064,21.28838994,3.49e-13,2583.140118,3.786493464,1.495769099
*C(=O)c(ccc1c2)cc1ccc2C(=O)OCCO*,35,35,1.245003399,20.64789611,5.63e-13,2776.915301,3.043647442,1.652379246
*C(=O)CCCC(=O)OCC(C)(C)CO*,33,33,1.088265458,19.81495209,5.27e-13,3198.886121,2.709329111,1.442921437
*C(=O)CCCCCCCCC(=O)OCCCO*,25,25,1.043565311,22.4043969,1.39e-12,3588.583772,2.740544486,1.46401345
*C(=O)COCCOCC(=O)OCCCO*,34,34,1.231556497,21.45575431,9.41e-13,3305.422943,3.230068936,1.456771361
*C(=O)c(ccc1c2)cc1ccc2C(=O)OCCCO*,32,32,1.226917091,22.54040125,3.57e-13,2710.791369,3.076829383,1.652934559
*C(=O)c(ccc1)cc1C(=O)OCC(CC(C1)C2C3)C1C2CC3CO*,22,22,1.130344864,19.06644554,2.18e-13,3160.423758,2.652362242,1.524841762
*C(=O)C(CC1)CCC1C(=O)OCC(C)O*,32,32,1.104403914,17.26286567,5.18e-13,3252.2699,2.723767216,1.463173947
*C(=O)COCCOCC(=O)OC(CC1)CCC1C(C)(C)C(CC2)CCC2O*,16,16,1.064651002,23.47695407,3.74e-13,3510.932074,2.617913893,1.457507599
*C(=O)c(ccc1c2)cc1ccc2C(=O)OC(CC1)CCC1C(C)(C)C(CC2)CCC2O*,16,16,1.039791132,26.26291417,3.75e-13,3210.390856,2.547447538,1.536926054
*C(=O)CCCC(=O)OCC(C)(C)C(C(C)C)O*,25,25,1.034870987,19.99057408,4.64e-13,3437.959955,2.711230848,1.443815074
*OC(C)CC(=O)*,83,83,1.131162369,19.93866461,6.05e-13,3368.664125,2.825163852,1.467142763
*OCC(=O)OCC(=O)*,83,83,1.367207362,20.72028687,3.92e-13,2931.385876,3.065977683,1.453136542
*OCCCCC(=O)*,66,66,1.104365052,21.20925602,9.42e-13,3561.258681,3.337178447,1.474355146
*OC(C)CC(=O)*,83,83,1.128470389,17.89821653,1.05e-12,3319.390306,2.992842027,1.470422572
*OCCC(=O)*,110,110,1.250396013,21.79269669,5.95e-13,2963.625473,3.291248212,1.488220945
*OCCCCC(=O)*,66,66,1.096743559,19.6921539,1.23e-12,3388.191228,3.760591741,1.470460521
*OCCC(=O)*,110,110,1.24982468,23.51358447,5.98e-13,2787.544783,3.505243497,1.487958958
*OCCCCC(=O)*,66,66,1.104090275,22.99710941,1.12e-12,3478.42029,3.265464952,1.474173229
*OC(C)CC(=O)*,83,83,1.127658045,20.63840612,1.31e-12,3599.944887,2.901503495,1.470027925
*OCCC(=O)*,110,110,1.245506512,20.5860235,1.05e-12,3913.238486,3.986267943,1.484405631
*OCCCCC(=O)*,66,66,1.098616528,18.87724844,1.08e-12,3354.652301,3.15506715,1.471449735
*OCCCCC(=O)*,66,66,1.100029042,22.48406643,1.11e-12,3452.81234,3.314616796,1.472183224
*OCCC(=O)*,110,110,1.250765561,19.34358481,4.82e-13,2907.705833,3.713005768,1.485968879
*OCC(=O)OCC(=O)*,83,83,1.371049768,23.0974529,2.19e-13,2417.081434,2.859155524,1.454616887
*OCCC(=O)*,110,110,1.252521678,20.78333497,5.6e-13,2866.25449,3.819320383,1.489196079
*OCC(=O)OCC(=O)*,83,83,1.368564968,21.00799416,1.96e-13,2491.422436,2.78196115,1.453645852
*OC(C)C(=O)OC(C)C(=O)*,55,55,1.139099639,20.02708159,9.1e-13,3050.249816,2.549996617,1.417324092
*Oc(cccc1)c1C=CC(=O)*,58,58,1.165787576,18.80517433,2.45e-13,2645.262189,3.256582472,1.665563887
*OC(C)CC(=O)*,83,83,1.131384609,16.91965045,1.11e-12,3355.728694,3.169558655,1.467246886
*OC(C)C(=O)OC(C)C(=O)*,55,55,1.132023196,20.41482602,4.94e-13,3121.804652,2.447482647,1.414392424
*OC(C)C(=O)OC(C)C(=O)*,55,55,1.137518875,23.19112095,5.79e-13,2850.757694,2.408619306,1.416672681
*OC(C)C(=O)OC(C)C(=O)*,55,55,1.147844005,21.71704169,1.97e-13,2790.560246,2.38409595,1.42098762
*OC(C)C(=O)OC(C)C(=O)*,55,55,1.142420503,19.98957185,6.15e-13,2930.858253,2.509914281,1.418735042
*OC(C)C(=O)OC(C)C(=O)*,55,55,1.140243861,22.48287808,5.05e-13,2874.836881,2.467793451,1.41781481
*OC(C)C(=O)OC(C)C(=O)*,55,55,1.134509588,22.85657572,5.7e-13,2824.706707,2.51953621,1.4154173
*OC(C)C(=O)OC(C)C(=O)*,55,55,1.14268191,20.54282478,6.93e-13,3137.157672,2.534689413,1.418811433
*OC(CCCCC)CC=CC(O)*,33,33,0.972293884,16.91825883,9.43e-13,3765.08273,2.825557734,1.478691316
*OCC(=O)OCC(=O)*,83,83,1.375561135,23.04543932,3.8e-13,2434.262581,2.867435297,1.456336427
*OCC(=O)OCC(=O)*,83,83,1.367747392,21.9151325,3.33e-13,2480.936798,2.924026805,1.453350861
*OCC(=O)OCC(=O)*,83,83,1.367925629,19.91947537,1.38e-13,2498.921061,3.021635801,1.453411024
*OCC(=O)OCC(=O)*,83,83,1.366454062,23.03993369,3.09e-13,2588.760092,2.807178814,1.452848613
*OCC(=O)OCC(=O)*,83,83,1.374702424,21.46603118,1.76e-13,2518.977977,2.897054621,1.456006334
*OCC(=O)OCC(=O)*,83,83,1.367353225,25.25554191,4.52e-13,2487.507878,2.834763039,1.453197592
*OCC(=O)OCC(=O)*,83,83,1.371767504,23.52955031,3.54e-13,2524.566924,2.779840623,1.454889358
*OCC(=O)OCC(=O)*,83,83,1.372630743,22.30322057,1.77e-13,2372.591637,2.830107929,1.455194426
*OCC(=O)OCC(=O)*,83,83,1.377772802,24.18008653,3.57e-13,2521.395924,2.898103612,1.457230389
*OC(C)CC(=O)*,83,83,1.132804893,18.5241079,1.26e-12,3948.448926,3.04733733,1.467924803
*Oc(cccc1)c1C=CC(=O)*,58,58,1.165506506,19.27590394,8.51e-13,2951.309353,3.136943344,1.665373227
*Oc(cccc1)c1C=CC(=O)*,58,58,1.171264572,18.8339661,9.33e-14,2816.91122,3.189079087,1.669555159
*Oc(cccc1)c1C=CC(=O)*,58,58,1.161236728,15.53634789,3.88e-13,2713.734138,3.202452443,1.662219651
*Oc(cccc1)c1C=CC(=O)*,58,58,1.154625294,20.5876963,2.75e-13,2630.204885,3.144666387,1.657355703
*Oc(cccc1)c1C=CC(=O)*,58,58,1.162538948,18.10905875,1.95e-13,2543.324656,3.135604306,1.663097165
